[run number],sim_timestep_minutes,num_trucks,duration_to_pick,duration_to_drop,truck_capacity,truck_speed,wait_for_demo?,rebalancing_method,wait_time,pct_station_capacity_to_drop,pct_station_capacity_to_pick,truck_movement,shortage_threshold,days_to_simulate,[step],simulated_out_of_bikes_count,simulated_out_of_docks_count,sim_elapsed_hours
1,1,1,5,5,20,0.27,False,Status-based,0.05,30.0,30.0,Asynchronized,3,7,10078,313,44,168
2,1,2,5,5,20,0.27,False,Status-based,0.05,30.0,30.0,Asynchronized,3,7,10078,127,18,168
3,1,3,5,5,20,0.27,False,Status-based,0.05,30.0,30.0,Asynchronized,3,7,10078,114,10,168
4,1,4,5,5,20,0.27,False,Status-based,0.05,30.0,30.0,Asynchronized,3,7,10078,165,19,168
5,1,5,5,5,20,0.27,False,Status-based,0.05,30.0,30.0,Asynchronized,3,7,10078,155,20,168
6,1,1,5,5,20,0.27,False,Status-based,0.05,50.0,30.0,Asynchronized,3,7,10078,282,45,168
7,1,2,5,5,20,0.27,False,Status-based,0.05,50.0,30.0,Asynchronized,3,7,10078,129,15,168
8,1,3,5,5,20,0.27,False,Status-based,0.05,50.0,30.0,Asynchronized,3,7,10078,133,30,168
9,1,4,5,5,20,0.27,False,Status-based,0.05,50.0,30.0,Asynchronized,3,7,10078,114,19,168
10,1,5,5,5,20,0.27,False,Status-based,0.05,50.0,30.0,Asynchronized,3,7,10078,144,20,168
11,1,1,5,5,20,0.27,False,Status-based,0.05,70.0,30.0,Asynchronized,3,7,10078,306,51,168
12,1,2,5,5,20,0.27,False,Status-based,0.05,70.0,30.0,Asynchronized,3,7,10078,106,12,168
13,1,3,5,5,20,0.27,False,Status-based,0.05,70.0,30.0,Asynchronized,3,7,10078,133,12,168
14,1,4,5,5,20,0.27,False,Status-based,0.05,70.0,30.0,Asynchronized,3,7,10078,159,13,168
15,1,5,5,5,20,0.27,False,Status-based,0.05,70.0,30.0,Asynchronized,3,7,10078,125,25,168
16,1,1,5,5,20,0.27,False,Status-based,0.05,30.0,50.0,Asynchronized,3,7,10078,378,36,168
17,1,2,5,5,20,0.27,False,Status-based,0.05,30.0,50.0,Asynchronized,3,7,10078,277,13,168
18,1,3,5,5,20,0.27,False,Status-based,0.05,30.0,50.0,Asynchronized,3,7,10078,211,7,168
19,1,4,5,5,20,0.27,False,Status-based,0.05,30.0,50.0,Asynchronized,3,7,10078,202,17,168
20,1,5,5,5,20,0.27,False,Status-based,0.05,30.0,50.0,Asynchronized,3,7,10078,310,10,168
21,1,1,5,5,20,0.27,False,Status-based,0.05,50.0,50.0,Asynchronized,3,7,10078,409,79,168
22,1,2,5,5,20,0.27,False,Status-based,0.05,50.0,50.0,Asynchronized,3,7,10078,251,42,168
23,1,3,5,5,20,0.27,False,Status-based,0.05,50.0,50.0,Asynchronized,3,7,10078,281,58,168
24,1,4,5,5,20,0.27,False,Status-based,0.05,50.0,50.0,Asynchronized,3,7,10078,330,92,168
25,1,5,5,5,20,0.27,False,Status-based,0.05,50.0,50.0,Asynchronized,3,7,10078,311,99,168
26,1,1,5,5,20,0.27,False,Status-based,0.05,70.0,50.0,Asynchronized,3,7,10078,407,75,168
27,1,2,5,5,20,0.27,False,Status-based,0.05,70.0,50.0,Asynchronized,3,7,10078,318,46,168
28,1,3,5,5,20,0.27,False,Status-based,0.05,70.0,50.0,Asynchronized,3,7,10078,227,67,168
29,1,4,5,5,20,0.27,False,Status-based,0.05,70.0,50.0,Asynchronized,3,7,10078,269,110,168
30,1,5,5,5,20,0.27,False,Status-based,0.05,70.0,50.0,Asynchronized,3,7,10078,354,106,168
31,1,1,5,5,20,0.27,False,Status-based,0.05,30.0,70.0,Asynchronized,3,7,10078,321,41,168
32,1,2,5,5,20,0.27,False,Status-based,0.05,30.0,70.0,Asynchronized,3,7,10078,131,18,168
33,1,3,5,5,20,0.27,False,Status-based,0.05,30.0,70.0,Asynchronized,3,7,10078,200,8,168
34,1,4,5,5,20,0.27,False,Status-based,0.05,30.0,70.0,Asynchronized,3,7,10078,197,10,168
35,1,5,5,5,20,0.27,False,Status-based,0.05,30.0,70.0,Asynchronized,3,7,10078,323,9,168
36,1,1,5,5,20,0.27,False,Status-based,0.05,50.0,70.0,Asynchronized,3,7,10078,483,62,168
37,1,2,5,5,20,0.27,False,Status-based,0.05,50.0,70.0,Asynchronized,3,7,10078,452,64,168
38,1,3,5,5,20,0.27,False,Status-based,0.05,50.0,70.0,Asynchronized,3,7,10078,454,71,168
39,1,4,5,5,20,0.27,False,Status-based,0.05,50.0,70.0,Asynchronized,3,7,10078,527,94,168
40,1,5,5,5,20,0.27,False,Status-based,0.05,50.0,70.0,Asynchronized,3,7,10078,610,88,168
41,1,1,5,5,20,0.27,False,Status-based,0.05,70.0,70.0,Asynchronized,3,7,10078,743,148,168
42,1,2,5,5,20,0.27,False,Status-based,0.05,70.0,70.0,Asynchronized,3,7,10078,657,86,168
43,1,3,5,5,20,0.27,False,Status-based,0.05,70.0,70.0,Asynchronized,3,7,10078,535,149,168
44,1,4,5,5,20,0.27,False,Status-based,0.05,70.0,70.0,Asynchronized,3,7,10078,562,145,168
45,1,5,5,5,20,0.27,False,Status-based,0.05,70.0,70.0,Asynchronized,3,7,10078,734,220,168
46,1,1,5,5,20,0.27,False,Status-based,0.05,30.0,30.0,Asynchronized,3,7,10078,298,38,168
47,1,2,5,5,20,0.27,False,Status-based,0.05,30.0,30.0,Asynchronized,3,7,10078,159,13,168
48,1,3,5,5,20,0.27,False,Status-based,0.05,30.0,30.0,Asynchronized,3,7,10078,107,12,168
49,1,4,5,5,20,0.27,False,Status-based,0.05,30.0,30.0,Asynchronized,3,7,10078,144,13,168
50,1,5,5,5,20,0.27,False,Status-based,0.05,30.0,30.0,Asynchronized,3,7,10078,143,15,168
51,1,1,5,5,20,0.27,False,Status-based,0.05,50.0,30.0,Asynchronized,3,7,10078,325,38,168
52,1,2,5,5,20,0.27,False,Status-based,0.05,50.0,30.0,Asynchronized,3,7,10078,140,20,168
53,1,3,5,5,20,0.27,False,Status-based,0.05,50.0,30.0,Asynchronized,3,7,10078,93,21,168
54,1,4,5,5,20,0.27,False,Status-based,0.05,50.0,30.0,Asynchronized,3,7,10078,113,25,168
55,1,5,5,5,20,0.27,False,Status-based,0.05,50.0,30.0,Asynchronized,3,7,10078,160,19,168
56,1,1,5,5,20,0.27,False,Status-based,0.05,70.0,30.0,Asynchronized,3,7,10078,406,54,168
57,1,2,5,5,20,0.27,False,Status-based,0.05,70.0,30.0,Asynchronized,3,7,10078,139,16,168
58,1,3,5,5,20,0.27,False,Status-based,0.05,70.0,30.0,Asynchronized,3,7,10078,140,14,168
59,1,4,5,5,20,0.27,False,Status-based,0.05,70.0,30.0,Asynchronized,3,7,10078,131,12,168
60,1,5,5,5,20,0.27,False,Status-based,0.05,70.0,30.0,Asynchronized,3,7,10078,174,10,168
61,1,1,5,5,20,0.27,False,Status-based,0.05,30.0,50.0,Asynchronized,3,7,10078,372,42,168
62,1,2,5,5,20,0.27,False,Status-based,0.05,30.0,50.0,Asynchronized,3,7,10078,206,17,168
63,1,3,5,5,20,0.27,False,Status-based,0.05,30.0,50.0,Asynchronized,3,7,10078,191,15,168
64,1,4,5,5,20,0.27,False,Status-based,0.05,30.0,50.0,Asynchronized,3,7,10078,266,9,168
65,1,5,5,5,20,0.27,False,Status-based,0.05,30.0,50.0,Asynchronized,3,7,10078,270,12,168
66,1,1,5,5,20,0.27,False,Status-based,0.05,50.0,50.0,Asynchronized,3,7,10078,487,57,168
67,1,2,5,5,20,0.27,False,Status-based,0.05,50.0,50.0,Asynchronized,3,7,10078,270,26,168
68,1,3,5,5,20,0.27,False,Status-based,0.05,50.0,50.0,Asynchronized,3,7,10078,294,58,168
69,1,4,5,5,20,0.27,False,Status-based,0.05,50.0,50.0,Asynchronized,3,7,10078,243,69,168
70,1,5,5,5,20,0.27,False,Status-based,0.05,50.0,50.0,Asynchronized,3,7,10078,399,86,168
71,1,1,5,5,20,0.27,False,Status-based,0.05,70.0,50.0,Asynchronized,3,7,10078,491,41,168
72,1,2,5,5,20,0.27,False,Status-based,0.05,70.0,50.0,Asynchronized,3,7,10078,315,65,168
73,1,3,5,5,20,0.27,False,Status-based,0.05,70.0,50.0,Asynchronized,3,7,10078,231,77,168
74,1,4,5,5,20,0.27,False,Status-based,0.05,70.0,50.0,Asynchronized,3,7,10078,261,97,168
75,1,5,5,5,20,0.27,False,Status-based,0.05,70.0,50.0,Asynchronized,3,7,10078,362,108,168
76,1,1,5,5,20,0.27,False,Status-based,0.05,30.0,70.0,Asynchronized,3,7,10078,397,52,168
77,1,2,5,5,20,0.27,False,Status-based,0.05,30.0,70.0,Asynchronized,3,7,10078,177,22,168
78,1,3,5,5,20,0.27,False,Status-based,0.05,30.0,70.0,Asynchronized,3,7,10078,133,4,168
79,1,4,5,5,20,0.27,False,Status-based,0.05,30.0,70.0,Asynchronized,3,7,10078,209,8,168
80,1,5,5,5,20,0.27,False,Status-based,0.05,30.0,70.0,Asynchronized,3,7,10078,306,21,168
81,1,1,5,5,20,0.27,False,Status-based,0.05,50.0,70.0,Asynchronized,3,7,10078,524,76,168
82,1,2,5,5,20,0.27,False,Status-based,0.05,50.0,70.0,Asynchronized,3,7,10078,475,38,168
83,1,3,5,5,20,0.27,False,Status-based,0.05,50.0,70.0,Asynchronized,3,7,10078,361,63,168
84,1,4,5,5,20,0.27,False,Status-based,0.05,50.0,70.0,Asynchronized,3,7,10078,521,67,168
85,1,5,5,5,20,0.27,False,Status-based,0.05,50.0,70.0,Asynchronized,3,7,10078,720,101,168
86,1,1,5,5,20,0.27,False,Status-based,0.05,70.0,70.0,Asynchronized,3,7,10078,776,143,168
87,1,2,5,5,20,0.27,False,Status-based,0.05,70.0,70.0,Asynchronized,3,7,10078,533,134,168
88,1,3,5,5,20,0.27,False,Status-based,0.05,70.0,70.0,Asynchronized,3,7,10078,652,145,168
89,1,4,5,5,20,0.27,False,Status-based,0.05,70.0,70.0,Asynchronized,3,7,10078,606,208,168
90,1,5,5,5,20,0.27,False,Status-based,0.05,70.0,70.0,Asynchronized,3,7,10078,684,180,168
91,1,1,5,5,20,0.27,False,Status-based,0.05,30.0,30.0,Asynchronized,3,7,10078,333,49,168
92,1,2,5,5,20,0.27,False,Status-based,0.05,30.0,30.0,Asynchronized,3,7,10078,120,13,168
93,1,3,5,5,20,0.27,False,Status-based,0.05,30.0,30.0,Asynchronized,3,7,10078,146,16,168
94,1,4,5,5,20,0.27,False,Status-based,0.05,30.0,30.0,Asynchronized,3,7,10078,165,12,168
95,1,5,5,5,20,0.27,False,Status-based,0.05,30.0,30.0,Asynchronized,3,7,10078,157,5,168
96,1,1,5,5,20,0.27,False,Status-based,0.05,50.0,30.0,Asynchronized,3,7,10078,468,41,168
97,1,2,5,5,20,0.27,False,Status-based,0.05,50.0,30.0,Asynchronized,3,7,10078,145,16,168
98,1,3,5,5,20,0.27,False,Status-based,0.05,50.0,30.0,Asynchronized,3,7,10078,130,21,168
99,1,4,5,5,20,0.27,False,Status-based,0.05,50.0,30.0,Asynchronized,3,7,10078,112,27,168
100,1,5,5,5,20,0.27,False,Status-based,0.05,50.0,30.0,Asynchronized,3,7,10078,140,14,168
101,1,1,5,5,20,0.27,False,Status-based,0.05,70.0,30.0,Asynchronized,3,7,10078,368,65,168
102,1,2,5,5,20,0.27,False,Status-based,0.05,70.0,30.0,Asynchronized,3,7,10078,200,16,168
103,1,3,5,5,20,0.27,False,Status-based,0.05,70.0,30.0,Asynchronized,3,7,10078,114,21,168
104,1,4,5,5,20,0.27,False,Status-based,0.05,70.0,30.0,Asynchronized,3,7,10078,153,12,168
105,1,5,5,5,20,0.27,False,Status-based,0.05,70.0,30.0,Asynchronized,3,7,10078,162,22,168
106,1,1,5,5,20,0.27,False,Status-based,0.05,30.0,50.0,Asynchronized,3,7,10078,494,66,168
107,1,2,5,5,20,0.27,False,Status-based,0.05,30.0,50.0,Asynchronized,3,7,10078,180,20,168
108,1,3,5,5,20,0.27,False,Status-based,0.05,30.0,50.0,Asynchronized,3,7,10078,178,15,168
109,1,4,5,5,20,0.27,False,Status-based,0.05,30.0,50.0,Asynchronized,3,7,10078,233,13,168
110,1,5,5,5,20,0.27,False,Status-based,0.05,30.0,50.0,Asynchronized,3,7,10078,230,9,168
111,1,1,5,5,20,0.27,False,Status-based,0.05,50.0,50.0,Asynchronized,3,7,10078,421,79,168
112,1,2,5,5,20,0.27,False,Status-based,0.05,50.0,50.0,Asynchronized,3,7,10078,258,48,168
113,1,3,5,5,20,0.27,False,Status-based,0.05,50.0,50.0,Asynchronized,3,7,10078,236,63,168
114,1,4,5,5,20,0.27,False,Status-based,0.05,50.0,50.0,Asynchronized,3,7,10078,254,97,168
115,1,5,5,5,20,0.27,False,Status-based,0.05,50.0,50.0,Asynchronized,3,7,10078,398,73,168
116,1,1,5,5,20,0.27,False,Status-based,0.05,70.0,50.0,Asynchronized,3,7,10078,477,66,168
117,1,2,5,5,20,0.27,False,Status-based,0.05,70.0,50.0,Asynchronized,3,7,10078,255,53,168
118,1,3,5,5,20,0.27,False,Status-based,0.05,70.0,50.0,Asynchronized,3,7,10078,263,68,168
119,1,4,5,5,20,0.27,False,Status-based,0.05,70.0,50.0,Asynchronized,3,7,10078,248,111,168
120,1,5,5,5,20,0.27,False,Status-based,0.05,70.0,50.0,Asynchronized,3,7,10078,338,112,168
121,1,1,5,5,20,0.27,False,Status-based,0.05,30.0,70.0,Asynchronized,3,7,10078,403,26,168
122,1,2,5,5,20,0.27,False,Status-based,0.05,30.0,70.0,Asynchronized,3,7,10078,199,12,168
123,1,3,5,5,20,0.27,False,Status-based,0.05,30.0,70.0,Asynchronized,3,7,10078,180,13,168
124,1,4,5,5,20,0.27,False,Status-based,0.05,30.0,70.0,Asynchronized,3,7,10078,204,10,168
125,1,5,5,5,20,0.27,False,Status-based,0.05,30.0,70.0,Asynchronized,3,7,10078,315,11,168
126,1,1,5,5,20,0.27,False,Status-based,0.05,50.0,70.0,Asynchronized,3,7,10078,405,48,168
127,1,2,5,5,20,0.27,False,Status-based,0.05,50.0,70.0,Asynchronized,3,7,10078,466,41,168
128,1,3,5,5,20,0.27,False,Status-based,0.05,50.0,70.0,Asynchronized,3,7,10078,479,58,168
129,1,4,5,5,20,0.27,False,Status-based,0.05,50.0,70.0,Asynchronized,3,7,10078,479,73,168
130,1,5,5,5,20,0.27,False,Status-based,0.05,50.0,70.0,Asynchronized,3,7,10078,624,111,168
131,1,1,5,5,20,0.27,False,Status-based,0.05,70.0,70.0,Asynchronized,3,7,10078,737,141,168
132,1,2,5,5,20,0.27,False,Status-based,0.05,70.0,70.0,Asynchronized,3,7,10078,613,105,168
133,1,3,5,5,20,0.27,False,Status-based,0.05,70.0,70.0,Asynchronized,3,7,10078,660,153,168
134,1,4,5,5,20,0.27,False,Status-based,0.05,70.0,70.0,Asynchronized,3,7,10078,690,171,168
135,1,5,5,5,20,0.27,False,Status-based,0.05,70.0,70.0,Asynchronized,3,7,10078,744,214,168
136,1,1,5,5,20,0.27,False,Status-based,0.05,30.0,30.0,Asynchronized,3,7,10078,357,46,168
137,1,2,5,5,20,0.27,False,Status-based,0.05,30.0,30.0,Asynchronized,3,7,10078,145,13,168
138,1,3,5,5,20,0.27,False,Status-based,0.05,30.0,30.0,Asynchronized,3,7,10078,116,24,168
139,1,4,5,5,20,0.27,False,Status-based,0.05,30.0,30.0,Asynchronized,3,7,10078,113,12,168
140,1,5,5,5,20,0.27,False,Status-based,0.05,30.0,30.0,Asynchronized,3,7,10078,195,12,168
141,1,1,5,5,20,0.27,False,Status-based,0.05,50.0,30.0,Asynchronized,3,7,10078,377,71,168
142,1,2,5,5,20,0.27,False,Status-based,0.05,50.0,30.0,Asynchronized,3,7,10078,170,18,168
143,1,3,5,5,20,0.27,False,Status-based,0.05,50.0,30.0,Asynchronized,3,7,10078,142,27,168
144,1,4,5,5,20,0.27,False,Status-based,0.05,50.0,30.0,Asynchronized,3,7,10078,140,20,168
145,1,5,5,5,20,0.27,False,Status-based,0.05,50.0,30.0,Asynchronized,3,7,10078,144,16,168
146,1,1,5,5,20,0.27,False,Status-based,0.05,70.0,30.0,Asynchronized,3,7,10078,393,48,168
147,1,2,5,5,20,0.27,False,Status-based,0.05,70.0,30.0,Asynchronized,3,7,10078,119,24,168
148,1,3,5,5,20,0.27,False,Status-based,0.05,70.0,30.0,Asynchronized,3,7,10078,136,16,168
149,1,4,5,5,20,0.27,False,Status-based,0.05,70.0,30.0,Asynchronized,3,7,10078,149,17,168
150,1,5,5,5,20,0.27,False,Status-based,0.05,70.0,30.0,Asynchronized,3,7,10078,155,33,168
151,1,1,5,5,20,0.27,False,Status-based,0.05,30.0,50.0,Asynchronized,3,7,10078,291,38,168
152,1,2,5,5,20,0.27,False,Status-based,0.05,30.0,50.0,Asynchronized,3,7,10078,180,6,168
153,1,3,5,5,20,0.27,False,Status-based,0.05,30.0,50.0,Asynchronized,3,7,10078,167,12,168
154,1,4,5,5,20,0.27,False,Status-based,0.05,30.0,50.0,Asynchronized,3,7,10078,237,16,168
155,1,5,5,5,20,0.27,False,Status-based,0.05,30.0,50.0,Asynchronized,3,7,10078,277,10,168
156,1,1,5,5,20,0.27,False,Status-based,0.05,50.0,50.0,Asynchronized,3,7,10078,437,88,168
157,1,2,5,5,20,0.27,False,Status-based,0.05,50.0,50.0,Asynchronized,3,7,10078,245,51,168
158,1,3,5,5,20,0.27,False,Status-based,0.05,50.0,50.0,Asynchronized,3,7,10078,255,69,168
159,1,4,5,5,20,0.27,False,Status-based,0.05,50.0,50.0,Asynchronized,3,7,10078,339,63,168
160,1,5,5,5,20,0.27,False,Status-based,0.05,50.0,50.0,Asynchronized,3,7,10078,335,85,168
161,1,1,5,5,20,0.27,False,Status-based,0.05,70.0,50.0,Asynchronized,3,7,10078,388,48,168
162,1,2,5,5,20,0.27,False,Status-based,0.05,70.0,50.0,Asynchronized,3,7,10078,274,32,168
163,1,3,5,5,20,0.27,False,Status-based,0.05,70.0,50.0,Asynchronized,3,7,10078,226,73,168
164,1,4,5,5,20,0.27,False,Status-based,0.05,70.0,50.0,Asynchronized,3,7,10078,283,96,168
165,1,5,5,5,20,0.27,False,Status-based,0.05,70.0,50.0,Asynchronized,3,7,10078,325,99,168
166,1,1,5,5,20,0.27,False,Status-based,0.05,30.0,70.0,Asynchronized,3,7,10078,408,53,168
167,1,2,5,5,20,0.27,False,Status-based,0.05,30.0,70.0,Asynchronized,3,7,10078,257,15,168
168,1,3,5,5,20,0.27,False,Status-based,0.05,30.0,70.0,Asynchronized,3,7,10078,185,21,168
169,1,4,5,5,20,0.27,False,Status-based,0.05,30.0,70.0,Asynchronized,3,7,10078,236,11,168
170,1,5,5,5,20,0.27,False,Status-based,0.05,30.0,70.0,Asynchronized,3,7,10078,241,16,168
171,1,1,5,5,20,0.27,False,Status-based,0.05,50.0,70.0,Asynchronized,3,7,10078,460,52,168
172,1,2,5,5,20,0.27,False,Status-based,0.05,50.0,70.0,Asynchronized,3,7,10078,386,44,168
173,1,3,5,5,20,0.27,False,Status-based,0.05,50.0,70.0,Asynchronized,3,7,10078,447,52,168
174,1,4,5,5,20,0.27,False,Status-based,0.05,50.0,70.0,Asynchronized,3,7,10078,428,68,168
175,1,5,5,5,20,0.27,False,Status-based,0.05,50.0,70.0,Asynchronized,3,7,10078,553,105,168
176,1,1,5,5,20,0.27,False,Status-based,0.05,70.0,70.0,Asynchronized,3,7,10078,638,128,168
177,1,2,5,5,20,0.27,False,Status-based,0.05,70.0,70.0,Asynchronized,3,7,10078,581,98,168
178,1,3,5,5,20,0.27,False,Status-based,0.05,70.0,70.0,Asynchronized,3,7,10078,605,153,168
179,1,4,5,5,20,0.27,False,Status-based,0.05,70.0,70.0,Asynchronized,3,7,10078,625,160,168
180,1,5,5,5,20,0.27,False,Status-based,0.05,70.0,70.0,Asynchronized,3,7,10078,646,219,168
181,1,1,5,5,20,0.27,False,Status-based,0.05,30.0,30.0,Asynchronized,3,7,10078,473,45,168
182,1,2,5,5,20,0.27,False,Status-based,0.05,30.0,30.0,Asynchronized,3,7,10078,134,11,168
183,1,3,5,5,20,0.27,False,Status-based,0.05,30.0,30.0,Asynchronized,3,7,10078,149,17,168
184,1,4,5,5,20,0.27,False,Status-based,0.05,30.0,30.0,Asynchronized,3,7,10078,152,21,168
185,1,5,5,5,20,0.27,False,Status-based,0.05,30.0,30.0,Asynchronized,3,7,10078,155,12,168
186,1,1,5,5,20,0.27,False,Status-based,0.05,50.0,30.0,Asynchronized,3,7,10078,374,36,168
187,1,2,5,5,20,0.27,False,Status-based,0.05,50.0,30.0,Asynchronized,3,7,10078,167,12,168
188,1,3,5,5,20,0.27,False,Status-based,0.05,50.0,30.0,Asynchronized,3,7,10078,113,15,168
189,1,4,5,5,20,0.27,False,Status-based,0.05,50.0,30.0,Asynchronized,3,7,10078,108,26,168
190,1,5,5,5,20,0.27,False,Status-based,0.05,50.0,30.0,Asynchronized,3,7,10078,138,19,168
191,1,1,5,5,20,0.27,False,Status-based,0.05,70.0,30.0,Asynchronized,3,7,10078,403,23,168
192,1,2,5,5,20,0.27,False,Status-based,0.05,70.0,30.0,Asynchronized,3,7,10078,158,13,168
193,1,3,5,5,20,0.27,False,Status-based,0.05,70.0,30.0,Asynchronized,3,7,10078,103,13,168
194,1,4,5,5,20,0.27,False,Status-based,0.05,70.0,30.0,Asynchronized,3,7,10078,138,16,168
195,1,5,5,5,20,0.27,False,Status-based,0.05,70.0,30.0,Asynchronized,3,7,10078,152,19,168
196,1,1,5,5,20,0.27,False,Status-based,0.05,30.0,50.0,Asynchronized,3,7,10078,411,48,168
197,1,2,5,5,20,0.27,False,Status-based,0.05,30.0,50.0,Asynchronized,3,7,10078,192,14,168
198,1,3,5,5,20,0.27,False,Status-based,0.05,30.0,50.0,Asynchronized,3,7,10078,172,11,168
199,1,4,5,5,20,0.27,False,Status-based,0.05,30.0,50.0,Asynchronized,3,7,10078,177,11,168
200,1,5,5,5,20,0.27,False,Status-based,0.05,30.0,50.0,Asynchronized,3,7,10078,264,16,168
201,1,1,5,5,20,0.27,False,Status-based,0.05,50.0,50.0,Asynchronized,3,7,10078,344,50,168
202,1,2,5,5,20,0.27,False,Status-based,0.05,50.0,50.0,Asynchronized,3,7,10078,218,59,168
203,1,3,5,5,20,0.27,False,Status-based,0.05,50.0,50.0,Asynchronized,3,7,10078,270,55,168
204,1,4,5,5,20,0.27,False,Status-based,0.05,50.0,50.0,Asynchronized,3,7,10078,262,69,168
205,1,5,5,5,20,0.27,False,Status-based,0.05,50.0,50.0,Asynchronized,3,7,10078,357,112,168
206,1,1,5,5,20,0.27,False,Status-based,0.05,70.0,50.0,Asynchronized,3,7,10078,412,55,168
207,1,2,5,5,20,0.27,False,Status-based,0.05,70.0,50.0,Asynchronized,3,7,10078,282,55,168
208,1,3,5,5,20,0.27,False,Status-based,0.05,70.0,50.0,Asynchronized,3,7,10078,270,57,168
209,1,4,5,5,20,0.27,False,Status-based,0.05,70.0,50.0,Asynchronized,3,7,10078,293,90,168
210,1,5,5,5,20,0.27,False,Status-based,0.05,70.0,50.0,Asynchronized,3,7,10078,344,126,168
211,1,1,5,5,20,0.27,False,Status-based,0.05,30.0,70.0,Asynchronized,3,7,10078,395,58,168
212,1,2,5,5,20,0.27,False,Status-based,0.05,30.0,70.0,Asynchronized,3,7,10078,163,14,168
213,1,3,5,5,20,0.27,False,Status-based,0.05,30.0,70.0,Asynchronized,3,7,10078,178,19,168
214,1,4,5,5,20,0.27,False,Status-based,0.05,30.0,70.0,Asynchronized,3,7,10078,211,13,168
215,1,5,5,5,20,0.27,False,Status-based,0.05,30.0,70.0,Asynchronized,3,7,10078,290,13,168
216,1,1,5,5,20,0.27,False,Status-based,0.05,50.0,70.0,Asynchronized,3,7,10078,705,58,168
217,1,2,5,5,20,0.27,False,Status-based,0.05,50.0,70.0,Asynchronized,3,7,10078,316,51,168
218,1,3,5,5,20,0.27,False,Status-based,0.05,50.0,70.0,Asynchronized,3,7,10078,379,59,168
219,1,4,5,5,20,0.27,False,Status-based,0.05,50.0,70.0,Asynchronized,3,7,10078,559,73,168
220,1,5,5,5,20,0.27,False,Status-based,0.05,50.0,70.0,Asynchronized,3,7,10078,609,85,168
221,1,1,5,5,20,0.27,False,Status-based,0.05,70.0,70.0,Asynchronized,3,7,10078,607,137,168
222,1,2,5,5,20,0.27,False,Status-based,0.05,70.0,70.0,Asynchronized,3,7,10078,505,117,168
223,1,3,5,5,20,0.27,False,Status-based,0.05,70.0,70.0,Asynchronized,3,7,10078,614,147,168
224,1,4,5,5,20,0.27,False,Status-based,0.05,70.0,70.0,Asynchronized,3,7,10078,638,155,168
225,1,5,5,5,20,0.27,False,Status-based,0.05,70.0,70.0,Asynchronized,3,7,10078,757,213,168
226,1,1,5,5,20,0.27,False,Status-based,0.05,30.0,30.0,Asynchronized,3,7,10078,387,54,168
227,1,2,5,5,20,0.27,False,Status-based,0.05,30.0,30.0,Asynchronized,3,7,10078,164,15,168
228,1,3,5,5,20,0.27,False,Status-based,0.05,30.0,30.0,Asynchronized,3,7,10078,114,11,168
229,1,4,5,5,20,0.27,False,Status-based,0.05,30.0,30.0,Asynchronized,3,7,10078,131,15,168
230,1,5,5,5,20,0.27,False,Status-based,0.05,30.0,30.0,Asynchronized,3,7,10078,166,22,168
231,1,1,5,5,20,0.27,False,Status-based,0.05,50.0,30.0,Asynchronized,3,7,10078,268,55,168
232,1,2,5,5,20,0.27,False,Status-based,0.05,50.0,30.0,Asynchronized,3,7,10078,186,17,168
233,1,3,5,5,20,0.27,False,Status-based,0.05,50.0,30.0,Asynchronized,3,7,10078,137,12,168
234,1,4,5,5,20,0.27,False,Status-based,0.05,50.0,30.0,Asynchronized,3,7,10078,131,15,168
235,1,5,5,5,20,0.27,False,Status-based,0.05,50.0,30.0,Asynchronized,3,7,10078,151,17,168
236,1,1,5,5,20,0.27,False,Status-based,0.05,70.0,30.0,Asynchronized,3,7,10078,355,63,168
237,1,2,5,5,20,0.27,False,Status-based,0.05,70.0,30.0,Asynchronized,3,7,10078,137,14,168
238,1,3,5,5,20,0.27,False,Status-based,0.05,70.0,30.0,Asynchronized,3,7,10078,154,12,168
239,1,4,5,5,20,0.27,False,Status-based,0.05,70.0,30.0,Asynchronized,3,7,10078,139,17,168
240,1,5,5,5,20,0.27,False,Status-based,0.05,70.0,30.0,Asynchronized,3,7,10078,133,15,168
241,1,1,5,5,20,0.27,False,Status-based,0.05,30.0,50.0,Asynchronized,3,7,10078,334,21,168
242,1,2,5,5,20,0.27,False,Status-based,0.05,30.0,50.0,Asynchronized,3,7,10078,177,9,168
243,1,3,5,5,20,0.27,False,Status-based,0.05,30.0,50.0,Asynchronized,3,7,10078,161,11,168
244,1,4,5,5,20,0.27,False,Status-based,0.05,30.0,50.0,Asynchronized,3,7,10078,249,9,168
245,1,5,5,5,20,0.27,False,Status-based,0.05,30.0,50.0,Asynchronized,3,7,10078,295,6,168
246,1,1,5,5,20,0.27,False,Status-based,0.05,50.0,50.0,Asynchronized,3,7,10078,532,59,168
247,1,2,5,5,20,0.27,False,Status-based,0.05,50.0,50.0,Asynchronized,3,7,10078,279,51,168
248,1,3,5,5,20,0.27,False,Status-based,0.05,50.0,50.0,Asynchronized,3,7,10078,312,77,168
249,1,4,5,5,20,0.27,False,Status-based,0.05,50.0,50.0,Asynchronized,3,7,10078,264,92,168
250,1,5,5,5,20,0.27,False,Status-based,0.05,50.0,50.0,Asynchronized,3,7,10078,369,83,168
251,1,1,5,5,20,0.27,False,Status-based,0.05,70.0,50.0,Asynchronized,3,7,10078,509,42,168
252,1,2,5,5,20,0.27,False,Status-based,0.05,70.0,50.0,Asynchronized,3,7,10078,240,55,168
253,1,3,5,5,20,0.27,False,Status-based,0.05,70.0,50.0,Asynchronized,3,7,10078,261,55,168
254,1,4,5,5,20,0.27,False,Status-based,0.05,70.0,50.0,Asynchronized,3,7,10078,267,89,168
255,1,5,5,5,20,0.27,False,Status-based,0.05,70.0,50.0,Asynchronized,3,7,10078,288,131,168
256,1,1,5,5,20,0.27,False,Status-based,0.05,30.0,70.0,Asynchronized,3,7,10078,340,49,168
257,1,2,5,5,20,0.27,False,Status-based,0.05,30.0,70.0,Asynchronized,3,7,10078,181,19,168
258,1,3,5,5,20,0.27,False,Status-based,0.05,30.0,70.0,Asynchronized,3,7,10078,214,15,168
259,1,4,5,5,20,0.27,False,Status-based,0.05,30.0,70.0,Asynchronized,3,7,10078,244,15,168
260,1,5,5,5,20,0.27,False,Status-based,0.05,30.0,70.0,Asynchronized,3,7,10078,261,7,168
261,1,1,5,5,20,0.27,False,Status-based,0.05,50.0,70.0,Asynchronized,3,7,10078,457,74,168
262,1,2,5,5,20,0.27,False,Status-based,0.05,50.0,70.0,Asynchronized,3,7,10078,403,28,168
263,1,3,5,5,20,0.27,False,Status-based,0.05,50.0,70.0,Asynchronized,3,7,10078,459,77,168
264,1,4,5,5,20,0.27,False,Status-based,0.05,50.0,70.0,Asynchronized,3,7,10078,485,92,168
265,1,5,5,5,20,0.27,False,Status-based,0.05,50.0,70.0,Asynchronized,3,7,10078,562,90,168
266,1,1,5,5,20,0.27,False,Status-based,0.05,70.0,70.0,Asynchronized,3,7,10078,695,156,168
267,1,2,5,5,20,0.27,False,Status-based,0.05,70.0,70.0,Asynchronized,3,7,10078,609,105,168
268,1,3,5,5,20,0.27,False,Status-based,0.05,70.0,70.0,Asynchronized,3,7,10078,595,125,168
269,1,4,5,5,20,0.27,False,Status-based,0.05,70.0,70.0,Asynchronized,3,7,10078,656,153,168
270,1,5,5,5,20,0.27,False,Status-based,0.05,70.0,70.0,Asynchronized,3,7,10078,723,196,168
271,1,1,5,5,20,0.27,False,Status-based,0.05,30.0,30.0,Asynchronized,3,7,10078,336,42,168
272,1,2,5,5,20,0.27,False,Status-based,0.05,30.0,30.0,Asynchronized,3,7,10078,166,6,168
273,1,3,5,5,20,0.27,False,Status-based,0.05,30.0,30.0,Asynchronized,3,7,10078,116,23,168
274,1,4,5,5,20,0.27,False,Status-based,0.05,30.0,30.0,Asynchronized,3,7,10078,140,24,168
275,1,5,5,5,20,0.27,False,Status-based,0.05,30.0,30.0,Asynchronized,3,7,10078,150,28,168
276,1,1,5,5,20,0.27,False,Status-based,0.05,50.0,30.0,Asynchronized,3,7,10078,400,63,168
277,1,2,5,5,20,0.27,False,Status-based,0.05,50.0,30.0,Asynchronized,3,7,10078,151,19,168
278,1,3,5,5,20,0.27,False,Status-based,0.05,50.0,30.0,Asynchronized,3,7,10078,138,11,168
279,1,4,5,5,20,0.27,False,Status-based,0.05,50.0,30.0,Asynchronized,3,7,10078,137,16,168
280,1,5,5,5,20,0.27,False,Status-based,0.05,50.0,30.0,Asynchronized,3,7,10078,115,22,168
281,1,1,5,5,20,0.27,False,Status-based,0.05,70.0,30.0,Asynchronized,3,7,10078,361,48,168
282,1,2,5,5,20,0.27,False,Status-based,0.05,70.0,30.0,Asynchronized,3,7,10078,147,11,168
283,1,3,5,5,20,0.27,False,Status-based,0.05,70.0,30.0,Asynchronized,3,7,10078,96,14,168
284,1,4,5,5,20,0.27,False,Status-based,0.05,70.0,30.0,Asynchronized,3,7,10078,147,13,168
285,1,5,5,5,20,0.27,False,Status-based,0.05,70.0,30.0,Asynchronized,3,7,10078,139,23,168
286,1,1,5,5,20,0.27,False,Status-based,0.05,30.0,50.0,Asynchronized,3,7,10078,355,26,168
287,1,2,5,5,20,0.27,False,Status-based,0.05,30.0,50.0,Asynchronized,3,7,10078,182,16,168
288,1,3,5,5,20,0.27,False,Status-based,0.05,30.0,50.0,Asynchronized,3,7,10078,186,11,168
289,1,4,5,5,20,0.27,False,Status-based,0.05,30.0,50.0,Asynchronized,3,7,10078,217,13,168
290,1,5,5,5,20,0.27,False,Status-based,0.05,30.0,50.0,Asynchronized,3,7,10078,271,10,168
291,1,1,5,5,20,0.27,False,Status-based,0.05,50.0,50.0,Asynchronized,3,7,10078,532,75,168
292,1,2,5,5,20,0.27,False,Status-based,0.05,50.0,50.0,Asynchronized,3,7,10078,316,47,168
293,1,3,5,5,20,0.27,False,Status-based,0.05,50.0,50.0,Asynchronized,3,7,10078,271,68,168
294,1,4,5,5,20,0.27,False,Status-based,0.05,50.0,50.0,Asynchronized,3,7,10078,289,93,168
295,1,5,5,5,20,0.27,False,Status-based,0.05,50.0,50.0,Asynchronized,3,7,10078,367,102,168
296,1,1,5,5,20,0.27,False,Status-based,0.05,70.0,50.0,Asynchronized,3,7,10078,429,75,168
297,1,2,5,5,20,0.27,False,Status-based,0.05,70.0,50.0,Asynchronized,3,7,10078,283,37,168
298,1,3,5,5,20,0.27,False,Status-based,0.05,70.0,50.0,Asynchronized,3,7,10078,215,77,168
299,1,4,5,5,20,0.27,False,Status-based,0.05,70.0,50.0,Asynchronized,3,7,10078,318,112,168
300,1,5,5,5,20,0.27,False,Status-based,0.05,70.0,50.0,Asynchronized,3,7,10078,356,121,168
301,1,1,5,5,20,0.27,False,Status-based,0.05,30.0,70.0,Asynchronized,3,7,10078,363,59,168
302,1,2,5,5,20,0.27,False,Status-based,0.05,30.0,70.0,Asynchronized,3,7,10078,196,8,168
303,1,3,5,5,20,0.27,False,Status-based,0.05,30.0,70.0,Asynchronized,3,7,10078,167,6,168
304,1,4,5,5,20,0.27,False,Status-based,0.05,30.0,70.0,Asynchronized,3,7,10078,204,8,168
305,1,5,5,5,20,0.27,False,Status-based,0.05,30.0,70.0,Asynchronized,3,7,10078,283,10,168
306,1,1,5,5,20,0.27,False,Status-based,0.05,50.0,70.0,Asynchronized,3,7,10078,545,54,168
307,1,2,5,5,20,0.27,False,Status-based,0.05,50.0,70.0,Asynchronized,3,7,10078,325,44,168
308,1,3,5,5,20,0.27,False,Status-based,0.05,50.0,70.0,Asynchronized,3,7,10078,477,65,168
309,1,4,5,5,20,0.27,False,Status-based,0.05,50.0,70.0,Asynchronized,3,7,10078,539,95,168
310,1,5,5,5,20,0.27,False,Status-based,0.05,50.0,70.0,Asynchronized,3,7,10078,585,91,168
311,1,1,5,5,20,0.27,False,Status-based,0.05,70.0,70.0,Asynchronized,3,7,10078,567,133,168
312,1,2,5,5,20,0.27,False,Status-based,0.05,70.0,70.0,Asynchronized,3,7,10078,583,100,168
313,1,3,5,5,20,0.27,False,Status-based,0.05,70.0,70.0,Asynchronized,3,7,10078,551,118,168
314,1,4,5,5,20,0.27,False,Status-based,0.05,70.0,70.0,Asynchronized,3,7,10078,594,183,168
315,1,5,5,5,20,0.27,False,Status-based,0.05,70.0,70.0,Asynchronized,3,7,10078,702,200,168
316,1,1,5,5,20,0.27,False,Status-based,0.05,30.0,30.0,Asynchronized,3,7,10078,370,49,168
317,1,2,5,5,20,0.27,False,Status-based,0.05,30.0,30.0,Asynchronized,3,7,10078,180,13,168
318,1,3,5,5,20,0.27,False,Status-based,0.05,30.0,30.0,Asynchronized,3,7,10078,138,24,168
319,1,4,5,5,20,0.27,False,Status-based,0.05,30.0,30.0,Asynchronized,3,7,10078,145,19,168
320,1,5,5,5,20,0.27,False,Status-based,0.05,30.0,30.0,Asynchronized,3,7,10078,144,27,168
321,1,1,5,5,20,0.27,False,Status-based,0.05,50.0,30.0,Asynchronized,3,7,10078,319,46,168
322,1,2,5,5,20,0.27,False,Status-based,0.05,50.0,30.0,Asynchronized,3,7,10078,149,16,168
323,1,3,5,5,20,0.27,False,Status-based,0.05,50.0,30.0,Asynchronized,3,7,10078,114,17,168
324,1,4,5,5,20,0.27,False,Status-based,0.05,50.0,30.0,Asynchronized,3,7,10078,124,21,168
325,1,5,5,5,20,0.27,False,Status-based,0.05,50.0,30.0,Asynchronized,3,7,10078,202,28,168
326,1,1,5,5,20,0.27,False,Status-based,0.05,70.0,30.0,Asynchronized,3,7,10078,334,52,168
327,1,2,5,5,20,0.27,False,Status-based,0.05,70.0,30.0,Asynchronized,3,7,10078,171,3,168
328,1,3,5,5,20,0.27,False,Status-based,0.05,70.0,30.0,Asynchronized,3,7,10078,128,20,168
329,1,4,5,5,20,0.27,False,Status-based,0.05,70.0,30.0,Asynchronized,3,7,10078,165,14,168
330,1,5,5,5,20,0.27,False,Status-based,0.05,70.0,30.0,Asynchronized,3,7,10078,164,22,168
331,1,1,5,5,20,0.27,False,Status-based,0.05,30.0,50.0,Asynchronized,3,7,10078,355,43,168
332,1,2,5,5,20,0.27,False,Status-based,0.05,30.0,50.0,Asynchronized,3,7,10078,192,24,168
333,1,3,5,5,20,0.27,False,Status-based,0.05,30.0,50.0,Asynchronized,3,7,10078,228,14,168
334,1,4,5,5,20,0.27,False,Status-based,0.05,30.0,50.0,Asynchronized,3,7,10078,243,11,168
335,1,5,5,5,20,0.27,False,Status-based,0.05,30.0,50.0,Asynchronized,3,7,10078,292,19,168
336,1,1,5,5,20,0.27,False,Status-based,0.05,50.0,50.0,Asynchronized,3,7,10078,434,84,168
337,1,2,5,5,20,0.27,False,Status-based,0.05,50.0,50.0,Asynchronized,3,7,10078,303,43,168
338,1,3,5,5,20,0.27,False,Status-based,0.05,50.0,50.0,Asynchronized,3,7,10078,267,56,168
339,1,4,5,5,20,0.27,False,Status-based,0.05,50.0,50.0,Asynchronized,3,7,10078,314,88,168
340,1,5,5,5,20,0.27,False,Status-based,0.05,50.0,50.0,Asynchronized,3,7,10078,317,80,168
341,1,1,5,5,20,0.27,False,Status-based,0.05,70.0,50.0,Asynchronized,3,7,10078,434,96,168
342,1,2,5,5,20,0.27,False,Status-based,0.05,70.0,50.0,Asynchronized,3,7,10078,315,58,168
343,1,3,5,5,20,0.27,False,Status-based,0.05,70.0,50.0,Asynchronized,3,7,10078,218,71,168
344,1,4,5,5,20,0.27,False,Status-based,0.05,70.0,50.0,Asynchronized,3,7,10078,288,96,168
345,1,5,5,5,20,0.27,False,Status-based,0.05,70.0,50.0,Asynchronized,3,7,10078,298,135,168
346,1,1,5,5,20,0.27,False,Status-based,0.05,30.0,70.0,Asynchronized,3,7,10078,413,56,168
347,1,2,5,5,20,0.27,False,Status-based,0.05,30.0,70.0,Asynchronized,3,7,10078,175,14,168
348,1,3,5,5,20,0.27,False,Status-based,0.05,30.0,70.0,Asynchronized,3,7,10078,181,11,168
349,1,4,5,5,20,0.27,False,Status-based,0.05,30.0,70.0,Asynchronized,3,7,10078,184,12,168
350,1,5,5,5,20,0.27,False,Status-based,0.05,30.0,70.0,Asynchronized,3,7,10078,272,18,168
351,1,1,5,5,20,0.27,False,Status-based,0.05,50.0,70.0,Asynchronized,3,7,10078,435,47,168
352,1,2,5,5,20,0.27,False,Status-based,0.05,50.0,70.0,Asynchronized,3,7,10078,362,53,168
353,1,3,5,5,20,0.27,False,Status-based,0.05,50.0,70.0,Asynchronized,3,7,10078,413,73,168
354,1,4,5,5,20,0.27,False,Status-based,0.05,50.0,70.0,Asynchronized,3,7,10078,511,73,168
355,1,5,5,5,20,0.27,False,Status-based,0.05,50.0,70.0,Asynchronized,3,7,10078,678,87,168
356,1,1,5,5,20,0.27,False,Status-based,0.05,70.0,70.0,Asynchronized,3,7,10078,696,113,168
357,1,2,5,5,20,0.27,False,Status-based,0.05,70.0,70.0,Asynchronized,3,7,10078,596,113,168
358,1,3,5,5,20,0.27,False,Status-based,0.05,70.0,70.0,Asynchronized,3,7,10078,620,158,168
359,1,4,5,5,20,0.27,False,Status-based,0.05,70.0,70.0,Asynchronized,3,7,10078,602,166,168
360,1,5,5,5,20,0.27,False,Status-based,0.05,70.0,70.0,Asynchronized,3,7,10078,660,245,168
361,1,1,5,5,20,0.27,False,Status-based,0.05,30.0,30.0,Asynchronized,3,7,10078,397,78,168
362,1,2,5,5,20,0.27,False,Status-based,0.05,30.0,30.0,Asynchronized,3,7,10078,172,8,168
363,1,3,5,5,20,0.27,False,Status-based,0.05,30.0,30.0,Asynchronized,3,7,10078,85,26,168
364,1,4,5,5,20,0.27,False,Status-based,0.05,30.0,30.0,Asynchronized,3,7,10078,138,16,168
365,1,5,5,5,20,0.27,False,Status-based,0.05,30.0,30.0,Asynchronized,3,7,10078,187,26,168
366,1,1,5,5,20,0.27,False,Status-based,0.05,50.0,30.0,Asynchronized,3,7,10078,503,49,168
367,1,2,5,5,20,0.27,False,Status-based,0.05,50.0,30.0,Asynchronized,3,7,10078,153,18,168
368,1,3,5,5,20,0.27,False,Status-based,0.05,50.0,30.0,Asynchronized,3,7,10078,165,18,168
369,1,4,5,5,20,0.27,False,Status-based,0.05,50.0,30.0,Asynchronized,3,7,10078,123,25,168
370,1,5,5,5,20,0.27,False,Status-based,0.05,50.0,30.0,Asynchronized,3,7,10078,166,25,168
371,1,1,5,5,20,0.27,False,Status-based,0.05,70.0,30.0,Asynchronized,3,7,10078,508,34,168
372,1,2,5,5,20,0.27,False,Status-based,0.05,70.0,30.0,Asynchronized,3,7,10078,134,24,168
373,1,3,5,5,20,0.27,False,Status-based,0.05,70.0,30.0,Asynchronized,3,7,10078,155,17,168
374,1,4,5,5,20,0.27,False,Status-based,0.05,70.0,30.0,Asynchronized,3,7,10078,137,18,168
375,1,5,5,5,20,0.27,False,Status-based,0.05,70.0,30.0,Asynchronized,3,7,10078,162,23,168
376,1,1,5,5,20,0.27,False,Status-based,0.05,30.0,50.0,Asynchronized,3,7,10078,333,42,168
377,1,2,5,5,20,0.27,False,Status-based,0.05,30.0,50.0,Asynchronized,3,7,10078,206,13,168
378,1,3,5,5,20,0.27,False,Status-based,0.05,30.0,50.0,Asynchronized,3,7,10078,235,16,168
379,1,4,5,5,20,0.27,False,Status-based,0.05,30.0,50.0,Asynchronized,3,7,10078,242,1,168
380,1,5,5,5,20,0.27,False,Status-based,0.05,30.0,50.0,Asynchronized,3,7,10078,294,17,168
381,1,1,5,5,20,0.27,False,Status-based,0.05,50.0,50.0,Asynchronized,3,7,10078,389,42,168
382,1,2,5,5,20,0.27,False,Status-based,0.05,50.0,50.0,Asynchronized,3,7,10078,316,54,168
383,1,3,5,5,20,0.27,False,Status-based,0.05,50.0,50.0,Asynchronized,3,7,10078,242,75,168
384,1,4,5,5,20,0.27,False,Status-based,0.05,50.0,50.0,Asynchronized,3,7,10078,291,102,168
385,1,5,5,5,20,0.27,False,Status-based,0.05,50.0,50.0,Asynchronized,3,7,10078,340,103,168
386,1,1,5,5,20,0.27,False,Status-based,0.05,70.0,50.0,Asynchronized,3,7,10078,473,43,168
387,1,2,5,5,20,0.27,False,Status-based,0.05,70.0,50.0,Asynchronized,3,7,10078,215,35,168
388,1,3,5,5,20,0.27,False,Status-based,0.05,70.0,50.0,Asynchronized,3,7,10078,233,65,168
389,1,4,5,5,20,0.27,False,Status-based,0.05,70.0,50.0,Asynchronized,3,7,10078,309,82,168
390,1,5,5,5,20,0.27,False,Status-based,0.05,70.0,50.0,Asynchronized,3,7,10078,307,121,168
391,1,1,5,5,20,0.27,False,Status-based,0.05,30.0,70.0,Asynchronized,3,7,10078,370,49,168
392,1,2,5,5,20,0.27,False,Status-based,0.05,30.0,70.0,Asynchronized,3,7,10078,206,10,168
393,1,3,5,5,20,0.27,False,Status-based,0.05,30.0,70.0,Asynchronized,3,7,10078,163,8,168
394,1,4,5,5,20,0.27,False,Status-based,0.05,30.0,70.0,Asynchronized,3,7,10078,230,6,168
395,1,5,5,5,20,0.27,False,Status-based,0.05,30.0,70.0,Asynchronized,3,7,10078,266,10,168
396,1,1,5,5,20,0.27,False,Status-based,0.05,50.0,70.0,Asynchronized,3,7,10078,453,59,168
397,1,2,5,5,20,0.27,False,Status-based,0.05,50.0,70.0,Asynchronized,3,7,10078,373,39,168
398,1,3,5,5,20,0.27,False,Status-based,0.05,50.0,70.0,Asynchronized,3,7,10078,414,71,168
399,1,4,5,5,20,0.27,False,Status-based,0.05,50.0,70.0,Asynchronized,3,7,10078,542,87,168
400,1,5,5,5,20,0.27,False,Status-based,0.05,50.0,70.0,Asynchronized,3,7,10078,595,113,168
401,1,1,5,5,20,0.27,False,Status-based,0.05,70.0,70.0,Asynchronized,3,7,10078,704,111,168
402,1,2,5,5,20,0.27,False,Status-based,0.05,70.0,70.0,Asynchronized,3,7,10078,639,101,168
403,1,3,5,5,20,0.27,False,Status-based,0.05,70.0,70.0,Asynchronized,3,7,10078,675,119,168
404,1,4,5,5,20,0.27,False,Status-based,0.05,70.0,70.0,Asynchronized,3,7,10078,703,190,168
405,1,5,5,5,20,0.27,False,Status-based,0.05,70.0,70.0,Asynchronized,3,7,10078,647,210,168
406,1,1,5,5,20,0.27,False,Status-based,0.05,30.0,30.0,Asynchronized,3,7,10078,386,27,168
407,1,2,5,5,20,0.27,False,Status-based,0.05,30.0,30.0,Asynchronized,3,7,10078,193,20,168
408,1,3,5,5,20,0.27,False,Status-based,0.05,30.0,30.0,Asynchronized,3,7,10078,130,25,168
409,1,4,5,5,20,0.27,False,Status-based,0.05,30.0,30.0,Asynchronized,3,7,10078,147,7,168
410,1,5,5,5,20,0.27,False,Status-based,0.05,30.0,30.0,Asynchronized,3,7,10078,141,19,168
411,1,1,5,5,20,0.27,False,Status-based,0.05,50.0,30.0,Asynchronized,3,7,10078,383,32,168
412,1,2,5,5,20,0.27,False,Status-based,0.05,50.0,30.0,Asynchronized,3,7,10078,145,14,168
413,1,3,5,5,20,0.27,False,Status-based,0.05,50.0,30.0,Asynchronized,3,7,10078,139,7,168
414,1,4,5,5,20,0.27,False,Status-based,0.05,50.0,30.0,Asynchronized,3,7,10078,129,14,168
415,1,5,5,5,20,0.27,False,Status-based,0.05,50.0,30.0,Asynchronized,3,7,10078,137,12,168
416,1,1,5,5,20,0.27,False,Status-based,0.05,70.0,30.0,Asynchronized,3,7,10078,292,38,168
417,1,2,5,5,20,0.27,False,Status-based,0.05,70.0,30.0,Asynchronized,3,7,10078,120,12,168
418,1,3,5,5,20,0.27,False,Status-based,0.05,70.0,30.0,Asynchronized,3,7,10078,100,16,168
419,1,4,5,5,20,0.27,False,Status-based,0.05,70.0,30.0,Asynchronized,3,7,10078,130,17,168
420,1,5,5,5,20,0.27,False,Status-based,0.05,70.0,30.0,Asynchronized,3,7,10078,138,11,168
421,1,1,5,5,20,0.27,False,Status-based,0.05,30.0,50.0,Asynchronized,3,7,10078,397,33,168
422,1,2,5,5,20,0.27,False,Status-based,0.05,30.0,50.0,Asynchronized,3,7,10078,228,14,168
423,1,3,5,5,20,0.27,False,Status-based,0.05,30.0,50.0,Asynchronized,3,7,10078,168,14,168
424,1,4,5,5,20,0.27,False,Status-based,0.05,30.0,50.0,Asynchronized,3,7,10078,240,6,168
425,1,5,5,5,20,0.27,False,Status-based,0.05,30.0,50.0,Asynchronized,3,7,10078,291,13,168
426,1,1,5,5,20,0.27,False,Status-based,0.05,50.0,50.0,Asynchronized,3,7,10078,476,63,168
427,1,2,5,5,20,0.27,False,Status-based,0.05,50.0,50.0,Asynchronized,3,7,10078,274,48,168
428,1,3,5,5,20,0.27,False,Status-based,0.05,50.0,50.0,Asynchronized,3,7,10078,245,55,168
429,1,4,5,5,20,0.27,False,Status-based,0.05,50.0,50.0,Asynchronized,3,7,10078,278,86,168
430,1,5,5,5,20,0.27,False,Status-based,0.05,50.0,50.0,Asynchronized,3,7,10078,313,106,168
431,1,1,5,5,20,0.27,False,Status-based,0.05,70.0,50.0,Asynchronized,3,7,10078,453,42,168
432,1,2,5,5,20,0.27,False,Status-based,0.05,70.0,50.0,Asynchronized,3,7,10078,294,41,168
433,1,3,5,5,20,0.27,False,Status-based,0.05,70.0,50.0,Asynchronized,3,7,10078,205,58,168
434,1,4,5,5,20,0.27,False,Status-based,0.05,70.0,50.0,Asynchronized,3,7,10078,280,77,168
435,1,5,5,5,20,0.27,False,Status-based,0.05,70.0,50.0,Asynchronized,3,7,10078,293,112,168
436,1,1,5,5,20,0.27,False,Status-based,0.05,30.0,70.0,Asynchronized,3,7,10078,471,90,168
437,1,2,5,5,20,0.27,False,Status-based,0.05,30.0,70.0,Asynchronized,3,7,10078,205,13,168
438,1,3,5,5,20,0.27,False,Status-based,0.05,30.0,70.0,Asynchronized,3,7,10078,196,7,168
439,1,4,5,5,20,0.27,False,Status-based,0.05,30.0,70.0,Asynchronized,3,7,10078,203,16,168
440,1,5,5,5,20,0.27,False,Status-based,0.05,30.0,70.0,Asynchronized,3,7,10078,301,15,168
441,1,1,5,5,20,0.27,False,Status-based,0.05,50.0,70.0,Asynchronized,3,7,10078,554,82,168
442,1,2,5,5,20,0.27,False,Status-based,0.05,50.0,70.0,Asynchronized,3,7,10078,341,54,168
443,1,3,5,5,20,0.27,False,Status-based,0.05,50.0,70.0,Asynchronized,3,7,10078,442,56,168
444,1,4,5,5,20,0.27,False,Status-based,0.05,50.0,70.0,Asynchronized,3,7,10078,417,103,168
445,1,5,5,5,20,0.27,False,Status-based,0.05,50.0,70.0,Asynchronized,3,7,10078,587,91,168
446,1,1,5,5,20,0.27,False,Status-based,0.05,70.0,70.0,Asynchronized,3,7,10078,670,122,168
447,1,2,5,5,20,0.27,False,Status-based,0.05,70.0,70.0,Asynchronized,3,7,10078,551,123,168
448,1,3,5,5,20,0.27,False,Status-based,0.05,70.0,70.0,Asynchronized,3,7,10078,475,143,168
449,1,4,5,5,20,0.27,False,Status-based,0.05,70.0,70.0,Asynchronized,3,7,10078,618,178,168
450,1,5,5,5,20,0.27,False,Status-based,0.05,70.0,70.0,Asynchronized,3,7,10078,627,220,168
1,1,1,5,5,20,0.27,False,Forecast-based,0.05,,,Asynchronized,3,7,10078,1454,835,168
2,1,1,5,5,20,0.27,False,Forecast-based,0.05,,,Asynchronized,3,7,10078,1598,797,168
3,1,1,5,5,20,0.27,False,Forecast-based,0.05,,,Asynchronized,3,7,10078,1808,1111,168
4,1,1,5,5,20,0.27,False,Forecast-based,0.05,,,Asynchronized,3,7,10078,1803,874,168
5,1,1,5,5,20,0.27,False,Forecast-based,0.05,,,Asynchronized,3,7,10078,1522,709,168
6,1,1,5,5,20,0.27,False,Forecast-based,0.05,,,Asynchronized,3,7,10078,1489,723,168
7,1,1,5,5,20,0.27,False,Forecast-based,0.05,,,Asynchronized,3,7,10078,1483,779,168
8,1,1,5,5,20,0.27,False,Forecast-based,0.05,,,Asynchronized,3,7,10078,1474,597,168
9,1,1,5,5,20,0.27,False,Forecast-based,0.05,,,Asynchronized,3,7,10078,1547,869,168
10,1,1,5,5,20,0.27,False,Forecast-based,0.05,,,Asynchronized,3,7,10078,1539,902,168
11,1,2,5,5,20,0.27,False,Forecast-based,0.05,,,Asynchronized,3,7,10078,1470,689,168
12,1,2,5,5,20,0.27,False,Forecast-based,0.05,,,Asynchronized,3,7,10078,1209,684,168
13,1,2,5,5,20,0.27,False,Forecast-based,0.05,,,Asynchronized,3,7,10078,1380,733,168
14,1,2,5,5,20,0.27,False,Forecast-based,0.05,,,Asynchronized,3,7,10078,1479,806,168
15,1,2,5,5,20,0.27,False,Forecast-based,0.05,,,Asynchronized,3,7,10078,1337,665,168
16,1,2,5,5,20,0.27,False,Forecast-based,0.05,,,Asynchronized,3,7,10078,1444,754,168
17,1,2,5,5,20,0.27,False,Forecast-based,0.05,,,Asynchronized,3,7,10078,1327,696,168
18,1,2,5,5,20,0.27,False,Forecast-based,0.05,,,Asynchronized,3,7,10078,1629,959,168
19,1,2,5,5,20,0.27,False,Forecast-based,0.05,,,Asynchronized,3,7,10078,1637,766,168
20,1,2,5,5,20,0.27,False,Forecast-based,0.05,,,Asynchronized,3,7,10078,1474,684,168
21,1,3,5,5,20,0.27,False,Forecast-based,0.05,,,Asynchronized,3,7,10078,1403,813,168
22,1,3,5,5,20,0.27,False,Forecast-based,0.05,,,Asynchronized,3,7,10078,1337,660,168
23,1,3,5,5,20,0.27,False,Forecast-based,0.05,,,Asynchronized,3,7,10078,1353,793,168
24,1,3,5,5,20,0.27,False,Forecast-based,0.05,,,Asynchronized,3,7,10078,1427,858,168
25,1,3,5,5,20,0.27,False,Forecast-based,0.05,,,Asynchronized,3,7,10078,1354,743,168
26,1,3,5,5,20,0.27,False,Forecast-based,0.05,,,Asynchronized,3,7,10078,1212,671,168
27,1,3,5,5,20,0.27,False,Forecast-based,0.05,,,Asynchronized,3,7,10078,1375,843,168
28,1,3,5,5,20,0.27,False,Forecast-based,0.05,,,Asynchronized,3,7,10078,1505,786,168
29,1,3,5,5,20,0.27,False,Forecast-based,0.05,,,Asynchronized,3,7,10078,1390,735,168
30,1,3,5,5,20,0.27,False,Forecast-based,0.05,,,Asynchronized,3,7,10078,1372,645,168
31,1,4,5,5,20,0.27,False,Forecast-based,0.05,,,Asynchronized,3,7,10078,1455,750,168
32,1,4,5,5,20,0.27,False,Forecast-based,0.05,,,Asynchronized,3,7,10078,1365,679,168
33,1,4,5,5,20,0.27,False,Forecast-based,0.05,,,Asynchronized,3,7,10078,1385,672,168
34,1,4,5,5,20,0.27,False,Forecast-based,0.05,,,Asynchronized,3,7,10078,1372,790,168
35,1,4,5,5,20,0.27,False,Forecast-based,0.05,,,Asynchronized,3,7,10078,1395,714,168
36,1,4,5,5,20,0.27,False,Forecast-based,0.05,,,Asynchronized,3,7,10078,1372,658,168
37,1,4,5,5,20,0.27,False,Forecast-based,0.05,,,Asynchronized,3,7,10078,1435,755,168
38,1,4,5,5,20,0.27,False,Forecast-based,0.05,,,Asynchronized,3,7,10078,1362,720,168
39,1,4,5,5,20,0.27,False,Forecast-based,0.05,,,Asynchronized,3,7,10078,1245,678,168
40,1,4,5,5,20,0.27,False,Forecast-based,0.05,,,Asynchronized,3,7,10078,1360,679,168
41,1,5,5,5,20,0.27,False,Forecast-based,0.05,,,Asynchronized,3,7,10078,1465,745,168
42,1,5,5,5,20,0.27,False,Forecast-based,0.05,,,Asynchronized,3,7,10078,1427,647,168
43,1,5,5,5,20,0.27,False,Forecast-based,0.05,,,Asynchronized,3,7,10078,1355,748,168
44,1,5,5,5,20,0.27,False,Forecast-based,0.05,,,Asynchronized,3,7,10078,1316,831,168
45,1,5,5,5,20,0.27,False,Forecast-based,0.05,,,Asynchronized,3,7,10078,1186,532,168
46,1,5,5,5,20,0.27,False,Forecast-based,0.05,,,Asynchronized,3,7,10078,1483,832,168
47,1,5,5,5,20,0.27,False,Forecast-based,0.05,,,Asynchronized,3,7,10078,1352,678,168
48,1,5,5,5,20,0.27,False,Forecast-based,0.05,,,Asynchronized,3,7,10078,1464,626,168
49,1,5,5,5,20,0.27,False,Forecast-based,0.05,,,Asynchronized,3,7,10078,1410,748,168
50,1,5,5,5,20,0.27,False,Forecast-based,0.05,,,Asynchronized,3,7,10078,1472,716,168
1,1,1,5,5,20,0.27,False,Disable,0.05,,,Asynchronized,3,7,10078,1410,840,168
2,1,2,5,5,20,0.27,False,Disable,0.05,,,Asynchronized,3,7,10078,1725,807,168
3,1,3,5,5,20,0.27,False,Disable,0.05,,,Asynchronized,3,7,10078,1524,707,168
4,1,4,5,5,20,0.27,False,Disable,0.05,,,Asynchronized,3,7,10078,1544,848,168
5,1,5,5,5,20,0.27,False,Disable,0.05,,,Asynchronized,3,7,10078,1560,580,168
6,1,1,5,5,20,0.27,False,Disable,0.05,,,Asynchronized,3,7,10078,1411,729,168
7,1,2,5,5,20,0.27,False,Disable,0.05,,,Asynchronized,3,7,10078,1301,773,168
8,1,3,5,5,20,0.27,False,Disable,0.05,,,Asynchronized,3,7,10078,1304,818,168
9,1,4,5,5,20,0.27,False,Disable,0.05,,,Asynchronized,3,7,10078,1445,776,168
10,1,5,5,5,20,0.27,False,Disable,0.05,,,Asynchronized,3,7,10078,1818,932,168
11,1,1,5,5,20,0.27,False,Disable,0.05,,,Asynchronized,3,7,10078,1555,970,168
12,1,2,5,5,20,0.27,False,Disable,0.05,,,Asynchronized,3,7,10078,1368,840,168
13,1,3,5,5,20,0.27,False,Disable,0.05,,,Asynchronized,3,7,10078,1443,1004,168
14,1,4,5,5,20,0.27,False,Disable,0.05,,,Asynchronized,3,7,10078,1400,761,168
15,1,5,5,5,20,0.27,False,Disable,0.05,,,Asynchronized,3,7,10078,1480,704,168
16,1,1,5,5,20,0.27,False,Disable,0.05,,,Asynchronized,3,7,10078,1585,901,168
17,1,2,5,5,20,0.27,False,Disable,0.05,,,Asynchronized,3,7,10078,2168,1265,168
18,1,3,5,5,20,0.27,False,Disable,0.05,,,Asynchronized,3,7,10078,1556,819,168
19,1,4,5,5,20,0.27,False,Disable,0.05,,,Asynchronized,3,7,10078,1589,872,168
20,1,5,5,5,20,0.27,False,Disable,0.05,,,Asynchronized,3,7,10078,1547,847,168
21,1,1,5,5,20,0.27,False,Disable,0.05,,,Asynchronized,3,7,10078,1585,855,168
22,1,2,5,5,20,0.27,False,Disable,0.05,,,Asynchronized,3,7,10078,1473,924,168
23,1,3,5,5,20,0.27,False,Disable,0.05,,,Asynchronized,3,7,10078,1581,885,168
24,1,4,5,5,20,0.27,False,Disable,0.05,,,Asynchronized,3,7,10078,1536,1030,168
25,1,5,5,5,20,0.27,False,Disable,0.05,,,Asynchronized,3,7,10078,1459,876,168
26,1,1,5,5,20,0.27,False,Disable,0.05,,,Asynchronized,3,7,10078,1846,1053,168
27,1,2,5,5,20,0.27,False,Disable,0.05,,,Asynchronized,3,7,10078,1478,967,168
28,1,3,5,5,20,0.27,False,Disable,0.05,,,Asynchronized,3,7,10078,1684,936,168
29,1,4,5,5,20,0.27,False,Disable,0.05,,,Asynchronized,3,7,10078,1272,634,168
30,1,5,5,5,20,0.27,False,Disable,0.05,,,Asynchronized,3,7,10078,1516,847,168
31,1,1,5,5,20,0.27,False,Disable,0.05,,,Asynchronized,3,7,10078,1461,932,168
32,1,2,5,5,20,0.27,False,Disable,0.05,,,Asynchronized,3,7,10078,1343,704,168
33,1,3,5,5,20,0.27,False,Disable,0.05,,,Asynchronized,3,7,10078,1258,682,168
34,1,4,5,5,20,0.27,False,Disable,0.05,,,Asynchronized,3,7,10078,1431,909,168
35,1,5,5,5,20,0.27,False,Disable,0.05,,,Asynchronized,3,7,10078,1461,720,168
36,1,1,5,5,20,0.27,False,Disable,0.05,,,Asynchronized,3,7,10078,1370,680,168
37,1,2,5,5,20,0.27,False,Disable,0.05,,,Asynchronized,3,7,10078,1587,883,168
38,1,3,5,5,20,0.27,False,Disable,0.05,,,Asynchronized,3,7,10078,1569,900,168
39,1,4,5,5,20,0.27,False,Disable,0.05,,,Asynchronized,3,7,10078,1426,660,168
40,1,5,5,5,20,0.27,False,Disable,0.05,,,Asynchronized,3,7,10078,1571,622,168
41,1,1,5,5,20,0.27,False,Disable,0.05,,,Asynchronized,3,7,10078,1454,926,168
42,1,2,5,5,20,0.27,False,Disable,0.05,,,Asynchronized,3,7,10078,1652,865,168
43,1,3,5,5,20,0.27,False,Disable,0.05,,,Asynchronized,3,7,10078,1576,825,168
44,1,4,5,5,20,0.27,False,Disable,0.05,,,Asynchronized,3,7,10078,1431,1022,168
45,1,5,5,5,20,0.27,False,Disable,0.05,,,Asynchronized,3,7,10078,1550,741,168
46,1,1,5,5,20,0.27,False,Disable,0.05,,,Asynchronized,3,7,10078,1560,1005,168
47,1,2,5,5,20,0.27,False,Disable,0.05,,,Asynchronized,3,7,10078,1682,881,168
48,1,3,5,5,20,0.27,False,Disable,0.05,,,Asynchronized,3,7,10078,1390,791,168
49,1,4,5,5,20,0.27,False,Disable,0.05,,,Asynchronized,3,7,10078,1437,731,168
50,1,5,5,5,20,0.27,False,Disable,0.05,,,Asynchronized,3,7,10078,1742,1029,168
